rat,mi_metric,iou_vs_me,dice_vs_me,iou_vs_other,dice_vs_other
1,-0.45900790309933803,0.6159368269921034,0.7623278542869836,0.6797493403693932,0.8093461613979972
2,-0.4427019362663665,0.3091156462585034,0.47225109124922054,0.49612403100775193,0.6632124352331606
3,-0.46400492927218584,0.5390177764386863,0.7004698512137824,0.5385494003426613,0.7000742390497402
4,-0.41048327213096836,0.5473833097595474,0.7074954296160878,0.5109208972845336,0.6763039656182849
5,-0.45030100570241055,0.6461953265428401,0.7850773430391265,0.6466928618205632,0.7854444223503678
6,-0.44077014806166537,0.6731218697829716,0.8046298144083017,0.6899676375404531,0.8165453849099962
7,-0.4500149755371302,0.6527691350342253,0.7899096385542169,0.6590016825574874,0.7944557133198107
8,-0.4698525789514213,0.5993118548639349,0.7494621552904361,0.5489961042852862,0.7088411685045464
9,-0.3940470637155275,0.46246343841403964,0.6324444444444445,0.42840579710144927,0.5998376623376623
10,-0.4908957405139286,0.5316912972085386,0.6942538593481989,0.6478063540090772,0.786265148733015
