rat,slices,structure_slices,slices_found,false_alarms,box_iou,iou_vs_me,dice_vs_me,iou_vs_other,dice_vs_other
1,12,5,4,0,0.409278267249465,0.3385753931544866,0.5058742225293711,0.37924324324324327,0.5499294560275906
3,12,5,4,0,0.5329375386238098,0.503350885591192,0.6696385925807993,0.5602853745541022,0.7181832037799116
4,12,5,3,0,0.363858163356781,0.37776606954689146,0.5483747609942639,0.3829590182912711,0.5538255483006864
5,12,5,4,0,0.4807737827301025,0.48205128205128206,0.6505190311418685,0.4269960299955889,0.5984544049459042
6,12,5,4,0,0.6068507194519043,0.5847760373729046,0.7379920235824519,0.6013929815162068,0.7510873201739712
7,12,5,4,0,0.5763062953948974,0.6202143950995406,0.7655954631379962,0.662362505978001,0.7968929804372842
8,12,5,4,0,0.44489687085151675,0.4578117756142791,0.6280807759580219,0.4284106258442143,0.5998423955870764
9,12,5,4,0,0.5284803509712219,0.5192528735632184,0.6835634575373558,0.5722145804676754,0.7279090113735783
10,12,5,4,0,0.47576329708099363,0.47611202635914335,0.6450892857142857,0.5898129366689204,0.7419903600793876
